char_ngram,language,count
a,es,5965614
b,es,687994
c,es,2323387
d,es,2609846
e,es,6929791
f,es,386853
g,es,594800
h,es,483869
i,es,3326872
j,es,220285
k,es,48675
l,es,2716433
m,es,1501831
n,es,3689116
o,es,4516577
p,es,1389521
q,es,490068
r,es,3400468
s,es,4000971
t,es,2422930
u,es,2028393
v,es,518531
w,es,32198
x,es,83800
y,es,478686
z,es,164361
a,et,4598259
b,et,360321
c,et,132262
d,et,1619487
e,et,4318841
f,et,99873
g,et,718880
h,et,721806
i,et,3585542
j,et,553906
k,et,1683419
l,et,2249354
m,et,1647533
n,et,1948375
o,et,1602222
p,et,682667
q,et,5061
r,et,1246243
s,et,3266180
t,et,2900504
u,et,2057423
v,et,847212
w,et,125579
x,et,31167
y,et,64576
z,et,50956
a,li,49097
b,li,14879
c,li,6157
d,li,24265
e,li,111686
f,li,8788
g,li,22048
h,li,6542
i,li,44945
j,li,16001
k,li,21911
l,li,27234
m,li,15975
n,li,43562
o,li,30306
p,li,16891
q,li,85
r,li,39582
s,li,35160
t,li,43683
u,li,16301
v,li,13784
w,li,8801
x,li,996
y,li,1246
z,li,4312
a,fr,5964745
b,fr,679443
c,fr,2860306
d,fr,3324069
e,fr,11312208
f,fr,866878
g,fr,810414
h,fr,545755
i,fr,5899226
j,fr,331342
k,fr,77200
l,fr,4166845
m,fr,2256131
n,fr,5967092
o,fr,4665870
p,fr,2435725
q,fr,728199
r,fr,5335855
s,fr,6522983
t,fr,5821595
u,fr,4370889
v,fr,1150986
w,fr,65424
x,fr,368326
y,fr,229407
z,fr,116168
a,eo,1006835
b,eo,103805
c,eo,88215
d,eo,241143
e,eo,760570
f,eo,101808
g,eo,111230
h,eo,53308
i,eo,925376
j,eo,200994
k,eo,306388
l,eo,483120
m,eo,331864
n,eo,719748
o,eo,805678
p,eo,230486
q,eo,1642
r,eo,491628
s,eo,577591
t,eo,505379
u,eo,296872
v,eo,204633
w,eo,8398
x,eo,4715
y,eo,14037
z,eo,43184
a,id,6497921
b,id,828304
c,id,195475
d,id,1132896
e,id,2209282
f,id,68800
g,id,1072977
h,id,857403
i,id,2426058
j,id,263358
k,id,2091538
l,id,953814
m,id,1407309
n,id,2914286
o,id,443687
p,id,796125
q,id,5166
r,id,1320027
s,id,1133018
t,id,1547950
u,id,1946517
v,id,25011
w,id,110520
x,id,5457
y,id,620712
z,id,14866
a,fi,4246832
b,fi,56972
c,fi,58042
d,fi,390474
e,fi,3284041
f,fi,36653
g,fi,73347
h,fi,806309
i,fi,4111690
j,fi,605518
k,fi,1842926
l,fi,2072651
m,fi,1310752
n,fi,3358456
o,fi,2131323
p,fi,653021
q,fi,1953
r,fi,838635
s,fi,2785857
t,fi,3930043
u,fi,1748222
v,fi,889231
w,fi,16691
x,fi,7133
y,fi,676618
z,fi,9048
a,as,27835
b,as,7847
c,as,16441
d,as,18244
e,as,37825
f,as,7715
g,as,8858
h,as,9170
i,as,25880
j,as,1081
k,as,4694
l,as,17709
m,as,17003
n,as,23476
o,as,26922
p,as,14967
q,as,1322
r,as,21658
s,as,40064
t,as,26048
u,as,14038
v,as,6682
w,as,4547
x,as,3404
y,as,5760
z,as,1117
a,cs,1931551
b,cs,533156
c,cs,713901
d,cs,1099865
e,cs,2613364
f,cs,96518
g,cs,103420
h,cs,680130
i,cs,1213875
j,cs,831180
k,cs,931597
l,cs,1207290
m,cs,1188880
n,cs,1817672
o,cs,2373415
p,cs,930647
q,cs,4040
r,cs,952202
s,cs,1363533
t,cs,1793712
u,cs,922673
v,cs,1044520
w,cs,54474
x,cs,22307
y,cs,577608
z,cs,511101
a,eu,6849605
b,eu,1322264
c,eu,86998
d,eu,1467070
e,eu,5584303
f,eu,135486
g,eu,1191194
h,eu,813611
i,eu,3850175
j,eu,172444
k,eu,2163313
l,eu,1168907
m,eu,535255
n,eu,3323847
o,eu,2409691
p,eu,409586
q,eu,4663
r,eu,3482838
s,eu,1072910
t,eu,3288329
u,eu,2350688
v,eu,33149
w,eu,24338
x,eu,171740
y,eu,44813
z,eu,2337117
a,or,6595
b,or,1438
c,or,3747
d,or,2444
e,or,9282
f,or,1332
g,or,1333
h,or,2068
i,or,5083
j,or,227
k,or,1221
l,or,3032
m,or,4952
n,or,7118
o,or,5973
p,or,1877
q,or,272
r,or,3895
s,or,4788
t,or,6309
u,or,2159
v,or,691
w,or,760
x,or,472
y,or,1000
z,or,109
a,bs,2963335
b,bs,423940
c,bs,248708
d,bs,1016102
e,bs,2288670
f,bs,44937
g,bs,365714
h,bs,171073
i,bs,2335735
j,bs,1105839
k,bs,710065
l,bs,838046
m,bs,1126469
n,bs,1357439
o,bs,2355625
p,bs,592348
q,bs,1055
r,bs,1048449
s,bs,1208978
t,bs,1230975
u,bs,917833
v,bs,791530
w,bs,11511
x,bs,3468
y,bs,25138
z,bs,428484
a,fa,29101
b,fa,5903
c,fa,11373
d,fa,10820
e,fa,32070
f,fa,5687
g,fa,7373
h,fa,10813
i,fa,24484
j,fa,1039
k,fa,4063
l,fa,15657
m,fa,10645
n,fa,22968
o,fa,24283
p,fa,7945
q,fa,470
r,fa,20690
s,fa,19487
t,fa,22974
u,fa,9503
v,fa,3321
w,fa,4609
x,fa,1186
y,fa,6289
z,fa,1177
a,lt,7400045
b,lt,993998
c,lt,405198
d,lt,1762660
e,lt,3832296
f,lt,195702
g,lt,1218080
h,lt,102586
i,lt,8933553
j,lt,1246478
k,lt,2789131
l,lt,1929605
m,lt,2600254
n,lt,3531680
o,lt,3994398
p,lt,2115617
q,lt,4179
r,lt,3867608
s,lt,5254701
t,lt,4345087
u,lt,2809926
v,lt,1241659
w,lt,14587
x,lt,16639
y,lt,959505
z,lt,155494
a,th,42336
b,th,10645
c,th,15898
d,th,17530
e,th,54095
f,th,10958
g,th,14599
h,th,24361
i,th,35330
j,th,1915
k,th,8933
l,th,22256
m,th,16872
n,th,38218
o,th,40667
p,th,9879
q,th,764
r,th,30048
s,th,29421
t,th,40734
u,th,17634
v,th,5044
w,th,10192
x,th,1670
y,th,14119
z,th,1050
a,an,23514
b,an,2022
c,an,10474
d,an,9218
e,an,17538
f,an,2436
g,an,1969
h,an,1726
i,an,14215
j,an,78
k,an,157
l,an,8246
m,an,4234
n,an,11393
o,an,13679
p,an,4503
q,an,777
r,an,13114
s,an,9479
t,an,10552
u,an,6634
v,an,1766
w,an,170
x,an,1275
y,an,1073
z,an,905
a,ta,51860
b,ta,12483
c,ta,22058
d,ta,19467
e,ta,55813
f,ta,7429
g,ta,13155
h,ta,11166
i,ta,37947
j,ta,1041
k,ta,9846
l,ta,26510
m,ta,25868
n,ta,49072
o,ta,45122
p,ta,16560
q,ta,1002
r,ta,30894
s,ta,32604
t,ta,46904
u,ta,12316
v,ta,3893
w,ta,5156
x,ta,3607
y,ta,10984
z,ta,1093
a,tt,5358
b,tt,1846
c,tt,1075
d,tt,1328
e,tt,5207
f,tt,375
g,tt,1013
h,tt,257
i,tt,2345
j,tt,43
k,tt,1150
l,tt,3873
m,tt,2422
n,tt,2618
o,tt,1501
p,tt,917
q,tt,983
r,tt,3346
s,tt,2692
t,tt,4161
u,tt,1858
v,tt,130
w,tt,388
x,tt,302
y,tt,1662
z,tt,1045
a,br,346667
b,br,49412
c,br,55666
d,br,129661
e,br,386278
f,br,21582
g,br,63741
h,br,88458
i,br,169684
j,br,8865
k,br,82291
l,br,152840
m,br,89481
n,br,248693
o,br,205217
p,br,55562
q,br,1120
r,br,235585
s,br,112540
t,br,180444
u,br,110792
v,br,55053
w,br,21321
x,br,2898
y,br,14939
z,br,74845
a,tg,48913
b,tg,11940
c,tg,20954
d,tg,18102
e,tg,49490
f,tg,6626
g,tg,11522
h,tg,7734
i,tg,34190
j,tg,1154
k,tg,10963
l,tg,24800
m,tg,24700
n,tg,44892
o,tg,42662
p,tg,15717
q,tg,1195
r,tg,27735
s,tg,27740
t,tg,42561
u,tg,10441
v,tg,3373
w,tg,4215
x,tg,3104
y,tg,9983
z,tg,914
a,bn,58646
b,bn,15414
c,bn,22831
d,bn,26051
e,bn,61039
f,bn,9190
g,bn,13808
h,bn,17342
i,bn,43494
j,bn,1911
k,bn,6969
l,bn,30102
m,bn,26525
n,bn,49181
o,bn,50403
p,bn,20056
q,bn,1317
r,bn,34929
s,bn,48449
t,bn,50730
u,bn,17773
v,bn,6673
w,bn,7733
x,bn,3568
y,bn,14029
z,bn,1673
a,wa,143141
b,wa,24319
c,wa,92938
d,wa,127033
e,wa,299888
f,wa,29021
g,wa,19904
h,wa,41533
i,wa,175126
j,wa,39396
k,wa,21306
l,wa,97186
m,wa,70879
n,wa,156327
o,wa,163874
p,wa,63603
q,wa,933
r,wa,122130
s,wa,156260
t,wa,148135
u,wa,57709
v,wa,35836
w,wa,19493
x,wa,7015
y,wa,31075
z,wa,15453
a,rw,630398
b,rw,203542
c,rw,51794
d,rw,91196
e,rw,272846
f,rw,19173
g,rw,209301
h,rw,131903
i,rw,698500
j,rw,22630
k,rw,249255
l,rw,27359
m,rw,166678
n,rw,316967
o,rw,304928
p,rw,33146
q,rw,1487
r,rw,333343
s,rw,174242
t,rw,129419
u,rw,421114
v,rw,18869
w,rw,87896
x,rw,4132
y,rw,209896
z,rw,65927
a,ar,46589
b,ar,8000
c,ar,23197
d,ar,19136
e,ar,43660
f,ar,11633
g,ar,9497
h,ar,14625
i,ar,32176
j,ar,1448
k,ar,3473
l,ar,18703
m,ar,12812
n,ar,33425
o,ar,33020
p,ar,13083
q,ar,720
r,ar,28288
s,ar,28393
t,ar,30290
u,ar,12630
v,ar,4925
w,ar,6913
x,ar,1354
y,ar,6178
z,ar,965
a,tr,3087446
b,tr,872284
c,tr,287725
d,tr,1179446
e,tr,2570344
f,tr,123395
g,tr,354940
h,tr,361284
i,tr,2489068
j,tr,27517
k,tr,1120657
l,tr,1491390
m,tr,1302458
n,tr,2067200
o,tr,861118
p,tr,227406
q,tr,1414
r,tr,1812313
s,tr,925207
t,tr,848528
u,tr,959861
v,tr,273403
w,tr,16221
x,tr,4152
y,tr,1021627
z,tr,444113
a,sh,2492525
b,sh,353041
c,sh,246373
d,sh,785366
e,sh,1999964
f,sh,81013
g,sh,317455
h,sh,161456
i,sh,2275763
j,sh,1164221
k,sh,801235
l,sh,781407
m,sh,672903
n,sh,1526461
o,sh,1969660
p,sh,745925
q,sh,1268
r,sh,1302791
s,sh,1027565
t,sh,1040650
u,sh,1107106
v,sh,808924
w,sh,4524
x,sh,6745
y,sh,4696
z,sh,501210
a,zu,132161
b,zu,30970
c,zu,8246
d,zu,19458
e,zu,112737
f,zu,9132
g,zu,28255
h,zu,65043
i,zu,124311
j,zu,3013
k,zu,60153
l,zu,72682
m,zu,42392
n,zu,83197
o,zu,72736
p,zu,14209
q,zu,6766
r,zu,6927
s,zu,70019
t,zu,30000
u,zu,81417
v,zu,5523
w,zu,30390
x,zu,4704
y,zu,23528
z,zu,25662
a,be,33753
b,be,6123
c,be,17324
d,be,11179
e,be,37422
f,be,6070
g,be,9387
h,be,8018
i,be,29337
j,be,886
k,be,8765
l,be,14651
m,be,19088
n,be,31126
o,be,24712
p,be,8870
q,be,1135
r,be,20012
s,be,20413
t,be,30895
u,be,9724
v,be,2354
w,be,4739
x,be,2602
y,be,6264
z,be,922
a,yo,36450
b,yo,6868
c,yo,1153
d,yo,3828
e,yo,11951
f,yo,5215
g,yo,4780
h,yo,1716
i,yo,31315
j,yo,3562
k,yo,7373
l,yo,10535
m,yo,4055
n,yo,22350
o,yo,15417
p,yo,6022
q,yo,77
r,yo,8145
s,yo,6563
t,yo,12494
u,yo,9720
v,yo,187
w,yo,7679
x,yo,296
y,yo,4584
z,yo,140
a,pa,40617
b,pa,7934
c,pa,22889
d,pa,17999
e,pa,48179
f,pa,9031
g,pa,11479
h,pa,10445
i,pa,39696
j,pa,1022
k,pa,9127
l,pa,19325
m,pa,24447
n,pa,41435
o,pa,33547
p,pa,12966
q,pa,1207
r,pa,27229
s,pa,30588
t,pa,42016
u,pa,15058
v,pa,4450
w,pa,5948
x,pa,3404
y,pa,7796
z,pa,991
a,si,44606
b,si,8941
c,si,21140
d,si,14737
e,si,46746
f,si,9700
g,si,11347
h,si,16128
i,si,37683
j,si,1908
k,si,9009
l,si,19161
m,si,20407
n,si,36466
o,si,33118
p,si,10305
q,si,954
r,si,28889
s,si,28198
t,si,35200
u,si,13672
v,si,4302
w,si,7441
x,si,1926
y,si,11521
z,si,1425
a,cy,565562
b,cy,105448
c,cy,202499
d,cy,534383
e,cy,556903
f,cy,229569
g,cy,243962
h,cy,213594
i,cy,476099
j,cy,4742
k,cy,24001
l,cy,390146
m,cy,167897
n,cy,476658
o,cy,373581
p,cy,86041
q,cy,2692
r,cy,423626
s,cy,273267
t,cy,250886
u,cy,186770
v,cy,12749
w,cy,269168
x,cy,7689
y,cy,394362
z,cy,4763
a,zh,172908
b,zh,39689
c,zh,76903
d,zh,69559
e,zh,155158
f,zh,36535
g,zh,33957
h,zh,62280
i,zh,112565
j,zh,8075
k,zh,19309
l,zh,68850
m,zh,45545
n,zh,107616
o,zh,110238
p,zh,40149
q,zh,2076
r,zh,96462
s,zh,97309
t,zh,102932
u,zh,45313
v,zh,18167
w,zh,27694
x,zh,6741
y,zh,28846
z,zh,4989
a,sr,2836103
b,sr,401261
c,sr,172465
d,sr,995752
e,sr,2187742
f,sr,44243
g,sr,347476
h,sr,149494
i,sr,2138251
j,sr,965148
k,sr,680545
l,sr,796519
m,sr,1080353
n,sr,1283495
o,sr,2241893
p,sr,560868
q,sr,776
r,sr,986527
s,sr,1113383
t,sr,1137415
u,sr,862951
v,sr,755921
w,sr,7790
x,sr,2275
y,sr,17182
z,sr,392191
a,uk,87659
b,uk,17532
c,uk,43912
d,uk,36146
e,uk,107713
f,uk,17275
g,uk,24364
h,uk,26060
i,uk,79105
j,uk,2922
k,uk,29894
l,uk,47005
m,uk,41961
n,uk,69265
o,uk,79318
p,uk,36242
q,uk,3424
r,uk,59825
s,uk,54950
t,uk,77937
u,uk,30497
v,uk,9701
w,uk,12207
x,uk,9429
y,uk,16540
z,uk,2473
a,ca,3830109
b,ca,423361
c,ca,1109900
d,ca,1121582
e,ca,3972566
f,ca,314642
g,ca,443954
h,ca,366817
i,ca,2084210
j,ca,119802
k,ca,61868
l,ca,1849899
m,ca,1072448
n,ca,2052444
o,ca,1766782
p,ca,911146
q,ca,428290
r,ca,2245875
s,ca,2519786
t,ca,2028130
u,ca,1391668
v,ca,494030
w,ca,29091
x,ca,206308
y,ca,96831
z,ca,32068
a,yi,5810
b,yi,2209
c,yi,3834
d,yi,2463
e,yi,7454
f,yi,1292
g,yi,1822
h,yi,1061
i,yi,4550
j,yi,148
k,yi,1583
l,yi,4620
m,yi,2643
n,yi,4548
o,yi,6660
p,yi,2350
q,yi,30
r,yi,3210
s,yi,5615
t,yi,6679
u,yi,1366
v,yi,566
w,yi,620
x,yi,456
y,yi,928
z,yi,202
a,pt,5094972
b,pt,450329
c,pt,1529747
d,pt,2126855
e,pt,5367736
f,pt,445126
g,pt,505648
h,pt,414944
i,pt,2703105
j,pt,133366
k,pt,45337
l,pt,1157206
m,pt,2010225
n,pt,2200066
o,pt,4573552
p,pt,1193822
q,pt,489989
r,pt,2883569
s,pt,3518368
t,pt,2185073
u,pt,1783429
v,pt,625824
w,pt,25190
x,pt,112373
y,pt,43498
z,pt,178075
a,ps,10518
b,ps,3386
c,ps,5795
d,ps,5128
e,ps,13762
f,ps,2206
g,ps,2390
h,ps,2995
i,ps,7759
j,ps,231
k,ps,2332
l,ps,6899
m,ps,5537
n,ps,8542
o,ps,9951
p,ps,4175
q,ps,109
r,ps,7051
s,ps,12165
t,ps,10860
u,ps,3079
v,ps,1099
w,ps,1185
x,ps,981
y,ps,2020
z,ps,347
a,my,3389
b,my,1202
c,my,1899
d,my,1991
e,my,3688
f,my,1184
g,my,1331
h,my,900
i,my,3383
j,my,210
k,my,508
l,my,1831
m,my,1804
n,my,2367
o,my,2771
p,my,1448
q,my,50
r,my,2636
s,my,4912
t,my,2593
u,my,1230
v,my,512
w,my,484
x,my,259
y,my,450
z,my,89
a,gl,1891699
b,gl,201502
c,gl,655402
d,gl,739608
e,gl,1887325
f,gl,178561
g,gl,183950
h,gl,153922
i,gl,962232
j,gl,7991
k,gl,37053
l,gl,508756
m,gl,510895
n,gl,1121005
o,gl,1618362
p,gl,429658
q,gl,169860
r,gl,1097965
s,gl,1136418
t,gl,776370
u,gl,589634
v,gl,192238
w,gl,18204
x,gl,137992
y,gl,24915
z,gl,57286
a,ha,1791991
b,ha,175549
c,ha,107857
d,ha,254903
e,ha,223910
f,ha,64379
g,ha,140471
h,ha,150380
i,ha,560546
j,ha,42179
k,ha,448327
l,ha,217907
m,ha,338545
n,ha,627735
o,ha,50068
p,ha,1368
q,ha,216
r,ha,218687
s,ha,360702
t,ha,187164
u,ha,482545
v,ha,214
w,ha,170984
x,ha,478
y,ha,217786
z,ha,58744
a,kn,6450
b,kn,1147
c,kn,3308
d,kn,2272
e,kn,9061
f,kn,1234
g,kn,1314
h,kn,1930
i,kn,4673
j,kn,155
k,kn,1093
l,kn,2697
m,kn,5487
n,kn,7103
o,kn,5476
p,kn,1844
q,kn,260
r,kn,3921
s,kn,4114
t,kn,5974
u,kn,1693
v,kn,682
w,kn,934
x,kn,494
y,kn,833
z,kn,111
a,de,3472834
b,de,1175499
c,de,1717245
d,de,2775976
e,de,9150475
f,de,1011641
g,de,1711320
h,de,2543907
i,de,4849210
j,de,155543
k,de,835427
l,de,2128904
m,de,1663991
n,de,5769973
o,de,1776176
p,de,659270
q,de,26286
r,de,4211733
s,de,3792153
t,de,3723292
u,de,2292449
v,de,567390
w,de,948794
x,de,58310
y,de,148930
z,de,659251
a,ku,125934
b,ku,43427
c,ku,14473
d,ku,49116
e,ku,139180
f,ku,9496
g,ku,18600
h,ku,24333
i,ku,99793
j,ku,14528
k,ku,51473
l,ku,33707
m,ku,31348
n,ku,101856
o,ku,34563
p,ku,25587
q,ku,2462
r,ku,80204
s,ku,39229
t,ku,54003
u,ku,17054
v,ku,22012
w,ku,14096
x,ku,8483
y,ku,32545
z,ku,7487
a,ml,40523
b,ml,8674
c,ml,16550
d,ml,12902
e,ml,39315
f,ml,4569
g,ml,10686
h,ml,7921
i,ml,28121
j,ml,846
k,ml,8014
l,ml,18997
m,ml,20274
n,ml,35362
o,ml,32783
p,ml,10405
q,ml,532
r,ml,22806
s,ml,23556
t,ml,33579
u,ml,10014
v,ml,2672
w,ml,4204
x,ml,1674
y,ml,8314
z,ml,1010
a,mk,24245
b,mk,4879
c,mk,7081
d,mk,5796
e,mk,26814
f,mk,4408
g,mk,4994
h,mk,5792
i,mk,15026
j,mk,1930
k,mk,4876
l,mk,8937
m,mk,11002
n,mk,14679
o,mk,23262
p,mk,5913
q,mk,987
r,mk,12032
s,mk,15646
t,mk,19663
u,mk,7679
v,mk,1857
w,mk,2249
x,mk,830
y,mk,4521
z,mk,692
a,gd,80494
b,gd,10121
c,gd,25865
d,gd,26730
e,gd,35726
f,gd,7089
g,gd,16088
h,gd,46664
i,gd,45169
j,gd,275
k,gd,1609
l,gd,22897
m,gd,12923
n,gd,37846
o,gd,22420
p,gd,6260
q,gd,302
r,gd,30332
s,gd,26535
t,gd,25360
u,gd,15282
v,gd,1943
w,gd,1618
x,gd,821
y,gd,1953
z,gd,418
a,ko,133909
b,ko,34248
c,ko,55765
d,ko,58710
e,ko,193778
f,ko,35508
g,ko,38482
h,ko,80065
i,ko,123703
j,ko,4433
k,ko,21529
l,ko,73596
m,ko,52713
n,ko,125784
o,ko,135645
p,ko,44329
q,ko,3255
r,ko,96945
s,ko,110487
t,ko,150878
u,ko,59239
v,ko,16813
w,ko,32381
x,ko,6175
y,ko,43357
z,ko,2613
a,da,2633721
b,da,625619
c,da,177530
d,da,2892445
e,da,7234490
f,da,1209165
g,da,2012181
h,da,800239
i,da,2935186
j,da,428702
k,da,1509899
l,da,2249056
m,da,1470019
n,da,3293920
o,da,2102299
p,da,640366
q,da,3014
r,da,3925121
s,da,2523275
t,da,3124107
u,da,848167
v,da,1115512
w,da,21993
x,da,15119
y,da,260408
z,da,14680
a,hi,69296
b,hi,17398
c,hi,26963
d,hi,26644
e,hi,72141
f,hi,11661
g,hi,16595
h,hi,16046
i,hi,50258
j,hi,2066
k,hi,10471
l,hi,35735
m,hi,33145
n,hi,60522
o,hi,60351
p,hi,23940
q,hi,1561
r,hi,41905
s,hi,53123
t,hi,59913
u,hi,17962
v,hi,5771
w,hi,7693
x,hi,4774
y,hi,14445
z,hi,1652
a,ka,13536
b,ka,2147
c,ka,6713
d,ka,3877
e,ka,14286
f,ka,2266
g,ka,6552
h,ka,3269
i,ka,9298
j,ka,329
k,ka,6086
l,ka,5165
m,ka,10944
n,ka,10691
o,ka,8709
p,ka,3866
q,ka,586
r,ka,7877
s,ka,6192
t,ka,8414
u,ka,3354
v,ka,1272
w,ka,1697
x,ka,734
y,ka,1927
z,ka,510
a,ne,77957
b,ne,20567
c,ne,35137
d,ne,35238
e,ne,80850
f,ne,13974
g,ne,22699
h,ne,15253
i,ne,55421
j,ne,1977
k,ne,12954
l,ne,44540
m,ne,38757
n,ne,66653
o,ne,66266
p,ne,28829
q,ne,2538
r,ne,45575
s,ne,79071
t,ne,75434
u,ne,20602
v,ne,6994
w,ne,7264
x,ne,9764
y,ne,16145
z,ne,1949
a,nb,331693
b,nb,80199
c,nb,37988
d,nb,206551
e,nb,757120
f,nb,113588
g,nb,184461
h,nb,60515
i,nb,360716
j,nb,44907
k,nb,215738
l,nb,302724
m,nb,166292
n,nb,414504
o,nb,263434
p,nb,136099
q,nb,2446
r,nb,440343
s,nb,325150
t,nb,432919
u,nb,110499
v,nb,119101
w,nb,10450
x,nb,6528
y,nb,48283
z,nb,3110
a,hr,2867309
b,hr,427069
c,hr,205725
d,hr,942085
e,hr,2257641
f,hr,44582
g,hr,377462
h,hr,170353
i,hr,2390861
j,hr,1170695
k,hr,707851
l,hr,842456
m,hr,1097636
n,hr,1365862
o,hr,2390159
p,hr,596154
q,hr,1394
r,hr,1056839
s,hr,1182444
t,hr,1304469
u,hr,914119
v,hr,782111
w,hr,16094
x,hr,4147
y,hr,34664
z,hr,412962
a,nl,3172040
b,nl,698404
c,nl,567780
d,nl,2210327
e,nl,7808998
f,nl,329889
g,nl,1306044
h,nl,1136013
i,nl,3021145
j,nl,846415
k,nl,1087533
l,nl,1544254
m,nl,1110651
n,nl,4015794
o,nl,2424350
p,nl,597853
q,nl,5513
r,nl,2432212
s,nl,1593973
t,nl,2825301
u,nl,796104
v,nl,1008855
w,nl,719932
x,nl,22031
y,nl,66298
z,nl,559744
a,hu,2658237
b,hu,549068
c,hu,275056
d,hu,730013
e,hu,3232483
f,hu,245304
g,hu,1137280
h,hu,568004
i,hu,1319575
j,hu,384539
k,hu,1477137
l,hu,1821052
m,hu,1360432
n,hu,1978511
o,hu,1315761
p,hu,263845
q,hu,1805
r,hu,1163000
s,hu,1626123
t,hu,2308676
u,hu,317678
v,hu,588638
w,hu,17100
x,hu,12630
y,hu,734909
z,hu,1210628
a,ig,70524
b,ig,16195
c,ig,5664
d,ig,15260
e,ig,54746
f,ig,5271
g,ig,18281
h,ig,21392
i,ig,31937
j,ig,1950
k,ig,21031
l,ig,12128
m,ig,18031
n,ig,42626
o,ig,21308
p,ig,11911
q,ig,44
r,ig,17632
s,ig,17463
t,ig,16336
u,ig,14288
v,ig,599
w,ig,14714
x,ig,725
y,ig,6389
z,ig,5896
a,lv,8467076
b,lv,1240586
c,lv,952406
d,lv,2082442
e,lv,4799345
f,lv,268159
g,lv,1036590
h,lv,127069
i,lv,6903513
j,lv,1704823
k,lv,2971503
l,lv,2145426
m,lv,3024899
n,lv,3630665
o,lv,3081712
p,lv,2645222
q,lv,5054
r,lv,4110839
s,lv,5687654
t,lv,4965005
u,lv,4091719
v,lv,1668642
w,lv,19189
x,lv,20219
y,lv,23587
z,lv,1263371
a,ja,36799
b,ja,10098
c,ja,17176
d,ja,16805
e,ja,48020
f,ja,10018
g,ja,11472
h,ja,16935
i,ja,34517
j,ja,1551
k,ja,8311
l,ja,20376
m,ja,17907
n,ja,32303
o,ja,34081
p,ja,15775
q,ja,1242
r,ja,27010
s,ja,27936
t,ja,36656
u,ja,14301
v,ja,4670
w,ja,7327
x,ja,2918
y,ja,9868
z,ja,1266
a,bg,24962
b,bg,5025
c,bg,9677
d,bg,8078
e,bg,24204
f,bg,3630
g,bg,6619
h,bg,7729
i,bg,19132
j,bg,978
k,bg,3888
l,bg,12247
m,bg,9900
n,bg,14854
o,bg,17315
p,bg,6742
q,bg,477
r,bg,14427
s,bg,13610
t,bg,14652
u,bg,7649
v,bg,3700
w,bg,2466
x,bg,1670
y,bg,4130
z,bg,1245
a,dz,50
b,dz,26
c,dz,35
d,dz,47
e,dz,71
f,dz,5
g,dz,19
h,dz,16
i,dz,42
j,dz,2
k,dz,6
l,dz,50
m,dz,33
n,dz,47
o,dz,51
p,dz,32
q,dz,1
r,dz,54
s,dz,132
t,dz,68
u,dz,20
v,dz,6
w,dz,10
y,dz,27
a,it,4987504
b,it,492427
c,it,2055513
d,it,1713941
e,it,5419454
f,it,500421
g,it,775853
h,it,598293
i,it,5178631
j,it,21288
k,it,66650
l,it,2733593
m,it,1373862
n,it,3344383
o,it,4628061
p,it,1358164
q,it,232881
r,it,3032434
s,it,2486477
t,it,3146715
u,it,1469290
v,it,770079
w,it,35364
x,it,14882
y,it,50969
z,it,465675
a,is,2365785
b,is,235115
c,is,45814
d,is,336573
e,is,1709225
f,is,612763
g,is,1029857
h,is,609452
i,is,1845897
j,is,258526
k,is,880346
l,is,976263
m,is,806098
n,is,1712085
o,is,442958
p,is,190865
q,is,1579
r,is,2008047
s,is,1039170
t,is,1329438
u,is,1049986
v,is,636497
w,is,15092
x,is,12508
y,is,232782
z,is,4992
a,oc,73787
b,oc,11452
c,oc,27708
d,oc,24663
e,oc,62708
f,oc,8399
g,oc,13359
h,oc,8900
i,oc,49340
j,oc,2037
k,oc,6649
l,oc,31556
m,oc,24516
n,oc,49794
o,oc,45554
p,oc,18507
q,oc,2472
r,oc,46686
s,oc,38988
t,oc,49339
u,oc,19521
v,oc,5548
w,oc,3016
x,oc,2470
y,oc,6122
z,oc,2070
a,fy,116865
b,fy,26820
c,fy,20084
d,fy,59333
e,fy,232882
f,fy,40431
g,fy,29547
h,fy,22053
i,fy,108190
j,fy,37651
k,fy,58543
l,fy,64650
m,fy,51233
n,fy,123145
o,fy,82506
p,fy,35607
q,fy,966
r,fy,105573
s,fy,90962
t,fy,119847
u,fy,28088
v,fy,4317
w,fy,21840
x,fy,2414
y,fy,23041
z,fy,8046
a,ru,175904
b,ru,37759
c,ru,81904
d,ru,73946
e,ru,211382
f,ru,36891
g,ru,41800
h,ru,68443
i,ru,148266
j,ru,9329
k,ru,21611
l,ru,87675
m,ru,78187
n,ru,131227
o,ru,147904
p,ru,73661
q,ru,3840
r,ru,131527
s,ru,123730
t,ru,161154
u,ru,66650
v,ru,27877
w,ru,40258
x,ru,11446
y,ru,36015
z,ru,8037
a,az,2122296
b,az,594552
c,az,175786
d,az,1141642
e,az,455899
f,az,90574
g,az,201798
h,az,373953
i,az,1845642
j,az,2429
k,az,401340
l,az,1449392
m,az,703918
n,az,1678122
o,az,471549
p,az,58174
q,az,386257
r,az,1566644
s,az,583250
t,az,514541
u,az,447051
v,az,262759
w,az,668
x,az,157327
y,az,579916
z,az,487605
a,tk,29648
b,tk,6279
c,tk,880
d,tk,9641
e,tk,22422
f,tk,2143
g,tk,6611
h,tk,3500
i,tk,20550
j,tk,1148
k,tk,8732
l,tk,17101
m,tk,7746
n,tk,13739
o,tk,5173
p,tk,4222
q,tk,72
r,tk,15479
s,tk,9085
t,tk,9877
u,tk,3067
v,tk,247
w,tk,2599
x,tk,277
y,tk,11580
z,tk,4101
a,te,10529
b,te,2438
c,te,6033
d,te,3780
e,te,14176
f,te,1927
g,te,3144
h,te,4009
i,te,8135
j,te,323
k,te,1984
l,te,5903
m,te,7808
n,te,11297
o,te,10129
p,te,2516
q,te,620
r,te,7073
s,te,7004
t,te,9024
u,te,3335
v,te,1047
w,te,1677
x,te,787
y,te,1585
z,te,339
a,ro,3207323
b,ro,343511
c,ro,1549315
d,ro,948682
e,ro,3405468
f,ro,361832
g,ro,272498
h,ro,154805
i,ro,2882361
j,ro,80658
k,ro,42703
l,ro,1188466
m,ro,1070979
n,ro,1876728
o,ro,1242547
p,ro,860649
q,ro,2141
r,ro,1849834
s,ro,1323447
t,ro,2026007
u,ro,1814792
v,ro,417819
w,ro,22367
x,ro,40321
y,ro,42704
z,ro,199520
a,af,543736
b,af,114988
c,af,34434
d,af,327724
e,af,1132370
f,af,70923
g,af,244658
h,af,95106
i,af,566340
j,af,37877
k,af,280356
l,af,298841
m,af,192864
n,af,527283
o,af,449696
p,af,141489
q,af,2119
r,af,469393
s,af,456607
t,af,399670
u,af,168377
v,af,140290
w,af,114009
x,af,6880
y,af,93117
z,af,3483
a,xh,2712953
b,xh,632228
c,xh,183445
d,xh,312947
e,xh,2173583
f,xh,144147
g,xh,517785
h,xh,904576
i,xh,2098621
j,xh,55899
k,xh,1294948
l,xh,1278984
m,xh,701500
n,xh,1819041
o,xh,1429292
p,xh,254690
q,xh,196108
r,xh,127558
s,xh,847024
t,xh,551074
u,xh,1447397
v,xh,80875
w,xh,698974
x,xh,122151
y,xh,660179
z,xh,557919
a,am,9690
b,am,2920
c,am,4790
d,am,4845
e,am,11933
f,am,1855
g,am,2400
h,am,2142
i,am,7671
j,am,280
k,am,877
l,am,4506
m,am,4653
n,am,7151
o,am,7855
p,am,3594
q,am,122
r,am,7237
s,am,7615
t,am,8546
u,am,2556
v,am,1111
w,am,1523
x,am,463
y,am,2251
z,am,325
a,ug,2376
b,ug,627
c,ug,1210
d,ug,1197
e,ug,2873
f,ug,568
g,ug,1052
h,ug,604
i,ug,2015
j,ug,139
k,ug,764
l,ug,1440
m,ug,1215
n,ug,1536
o,ug,1932
p,ug,1162
q,ug,186
r,ug,1872
s,ug,1851
t,ug,1925
u,ug,864
v,ug,422
w,ug,298
x,ug,414
y,ug,419
z,ug,132
a,se,85471
b,se,12677
c,se,16071
d,se,33247
e,se,63181
f,se,8091
g,se,22548
h,se,21882
i,se,67200
j,se,10110
k,se,19639
l,se,37891
m,se,28718
n,se,43962
o,se,45495
p,se,11592
q,se,858
r,se,34094
s,se,39508
t,se,57049
u,se,30669
v,se,21364
w,se,3622
x,se,1934
y,se,6954
z,se,984
a,el,56714
b,el,13462
c,el,22297
d,el,19121
e,el,58165
f,el,9126
g,el,14737
h,el,17754
i,el,47641
j,el,3767
k,el,11033
l,el,30905
m,el,23472
n,el,38296
o,el,54984
p,el,17685
q,el,1305
r,el,37646
s,el,34361
t,el,34777
u,el,16915
v,el,20457
w,el,5785
x,el,3470
y,el,10185
z,el,3003
a,sl,3152830
b,sl,608676
c,sl,236170
d,sl,1057437
e,sl,3130762
f,sl,65546
g,sl,438630
h,sl,309742
i,sl,2638955
j,sl,1302874
k,sl,1028100
l,sl,1339475
m,sl,1127446
n,sl,1862900
o,sl,2727357
p,sl,1000516
q,sl,1955
r,sl,1538423
s,sl,1419851
t,sl,1392442
u,sl,593735
v,sl,1144684
w,sl,15933
x,sl,6972
y,sl,33998
z,sl,638671
a,ur,8431
b,ur,2532
c,ur,4147
d,ur,3100
e,ur,9822
f,ur,1270
g,ur,2067
h,ur,2567
i,ur,6288
j,ur,361
k,ur,2100
l,ur,6155
m,ur,3092
n,ur,5956
o,ur,7752
p,ur,2693
q,ur,64
r,ur,5446
s,ur,6877
t,ur,7596
u,ur,2547
v,ur,924
w,ur,1051
x,ur,399
y,ur,1337
z,ur,401
a,sk,3293593
b,sk,677906
c,sk,828728
d,sk,1298304
e,sk,3409866
f,sk,116919
g,sk,124917
h,sk,830588
i,sk,2239843
j,sk,740564
k,sk,1302862
l,sk,1327052
m,sk,1455608
n,sk,2416861
o,sk,3598182
p,sk,1277856
q,sk,2776
r,sk,1766178
s,sk,1772641
t,sk,1963266
u,sk,1061198
v,sk,1567005
w,sk,19906
x,sk,30681
y,sk,609043
z,sk,706129
a,sq,2732604
b,sq,456135
c,sq,139994
d,sq,1305246
e,sq,3389911
f,sq,320751
g,sq,512170
h,sq,1634339
i,sq,2643268
j,sq,1449871
k,sq,1283410
l,sq,873827
m,sq,1455639
n,sq,2379460
o,sq,1574811
p,sq,1004542
q,sq,321970
r,sq,2447545
s,sq,1911221
t,sq,3083568
u,sq,1457728
v,sq,455367
w,sq,8424
x,sq,36885
y,sq,209142
z,sq,236961
a,sv,3945986
b,sv,510515
c,sv,443010
d,sv,2008189
e,sv,4049246
f,sv,846236
g,sv,1468107
h,sv,841340
i,sv,2421711
j,sv,477665
k,sv,1265792
l,sv,2061313
m,sv,1473356
n,sv,3364859
o,sv,1621771
p,sv,691726
q,sv,2657
r,sv,3503216
s,sv,2275741
t,sv,3557712
u,sv,805498
v,sv,1006672
w,sv,19150
x,sv,40968
y,sv,218628
z,sv,12801
a,vi,1010921
b,vi,330715
c,vi,1462025
d,vi,149244
e,vi,296137
f,vi,25619
g,vi,1266800
h,vi,2101135
i,vi,1591047
j,vi,16443
k,vi,375520
l,vi,516937
m,vi,657926
n,vi,2647359
o,vi,555199
p,vi,236320
q,vi,73895
r,vi,428844
s,vi,344182
t,vi,1610535
u,vi,585483
v,vi,354180
w,vi,24651
x,vi,84709
y,vi,509763
z,vi,8081
a,uz,153820
b,uz,28419
c,uz,24375
d,uz,32446
e,uz,40855
f,uz,13805
g,uz,31449
h,uz,57709
i,uz,142181
j,uz,6672
k,uz,25458
l,uz,69917
m,uz,42621
n,uz,81781
o,uz,75464
p,uz,12974
q,uz,20217
r,uz,65570
s,uz,79808
t,uz,62711
u,uz,34481
v,uz,10274
w,uz,2307
x,uz,8071
y,uz,28263
z,uz,10889
a,pl,2904428
b,pl,565536
c,pl,1308377
d,pl,1122957
e,pl,2840061
f,pl,87881
g,pl,449546
h,pl,354611
i,pl,2776076
j,pl,860506
k,pl,957793
l,pl,692891
m,pl,1174420
n,pl,1811211
o,pl,2515045
p,pl,976656
q,pl,2156
r,pl,1391370
s,pl,1411481
t,pl,1397296
u,pl,740178
v,pl,20080
w,pl,1341544
x,pl,7096
y,pl,1238314
z,pl,1888952
a,nn,1042367
b,nn,163760
c,nn,78044
d,nn,466927
e,nn,1515458
f,nn,266263
g,nn,421165
h,nn,105031
i,nn,879982
j,nn,154576
k,nn,568909
l,nn,744659
m,nn,385109
n,nn,922024
o,nn,565767
p,nn,349022
q,nn,4034
r,nn,980089
s,nn,744681
t,nn,1027835
u,nn,260747
v,nn,286960
w,nn,21223
x,nn,14196
y,nn,128859
z,nn,8120
a,hy,2408
b,hy,448
c,hy,1473
d,hy,811
e,hy,3222
f,hy,240
g,hy,384
h,hy,837
i,hy,1800
j,hy,30
k,hy,528
l,hy,1084
m,hy,1545
n,hy,2606
o,hy,2042
p,hy,614
q,hy,2
r,hy,1206
s,hy,1385
t,hy,2085
u,hy,545
v,hy,215
w,hy,148
x,hy,89
y,hy,404
z,hy,44
a,ga,2593944
b,ga,287787
c,ga,825014
d,ga,559961
e,ga,971062
f,ga,238320
g,ga,497328
h,ga,1331058
i,ga,1640614
j,ga,4441
k,ga,20110
l,ga,693906
m,ga,479559
n,ga,1272152
o,ga,767404
p,ga,142717
q,ga,2520
r,ga,1045020
s,ga,756011
t,ga,921548
u,ga,351587
v,ga,13819
w,ga,10457
x,ga,6849
y,ga,16365
z,ga,3349
a,he,13095
b,he,3117
c,he,5184
d,he,5082
e,he,13967
f,he,2777
g,he,3413
h,he,5290
i,he,10290
j,he,759
k,he,2340
l,he,6821
m,he,4826
n,he,9553
o,he,10477
p,he,3385
q,he,326
r,he,8758
s,he,8870
t,he,9004
u,he,4472
v,he,1692
w,he,2168
x,he,589
y,he,2895
z,he,585
a,ms,6659879
b,ms,796224
c,ms,205904
d,ms,1129050
e,ms,2168053
f,ms,92192
g,ms,1038525
h,ms,861701
i,ms,2148240
j,ms,262898
k,ms,1936533
l,ms,1014389
m,ms,1309353
n,ms,2719005
o,ms,446850
p,ms,822403
q,ms,5979
r,ms,1256162
s,ms,1176392
t,ms,1481395
u,ms,1636405
v,ms,26020
w,ms,175849
x,ms,8645
y,ms,660795
z,ms,22159
a,mt,9868331
b,mt,1473574
c,mt,217196
d,mt,2363109
e,mt,5399074
f,mt,1594830
g,mt,1502703
h,mt,641155
i,mt,10633163
j,mt,3016903
k,mt,2554116
l,mt,5929490
m,mt,3152282
n,mt,4974292
o,mt,3623706
p,mt,1848154
q,mt,498340
r,mt,4452272
s,mt,3124308
t,mt,7624048
u,mt,3474220
v,mt,634986
w,mt,1062899
x,mt,505883
y,mt,61243
z,mt,1500369
a,km,61797
b,km,12011
c,km,31667
d,km,24220
e,km,74023
f,km,12089
g,km,19631
h,km,16269
i,km,54070
j,km,2258
k,km,23611
l,km,31601
m,km,36265
n,km,54535
o,km,51587
p,km,21686
q,km,2844
r,km,44813
s,km,40917
t,km,58196
u,km,20551
v,km,5931
w,km,8661
x,km,5291
y,km,10311
z,km,2189
a,mn,532
b,mn,205
c,mn,233
d,mn,288
e,mn,665
f,mn,25
g,mn,85
h,mn,181
i,mn,312
j,mn,16
k,mn,72
l,mn,401
m,mn,257
n,mn,342
o,mn,521
p,mn,179
q,mn,17
r,mn,387
s,mn,618
t,mn,576
u,mn,156
v,mn,17
w,mn,118
x,mn,3
y,mn,204
z,mn,16
a,no,1390384
b,no,300745
c,no,51008
d,no,1274360
e,no,3904072
f,no,395514
g,no,995943
h,no,591616
i,no,1309041
j,no,461954
k,no,1027348
l,no,1070815
m,no,768059
n,no,1704472
o,no,941242
p,no,363684
q,no,1641
r,no,1956890
s,no,1152271
t,no,1708294
u,no,472627
v,no,665168
w,no,16781
x,no,5686
y,no,161732
z,no,6918
a,ky,13617
b,ky,2921
c,ky,5430
d,ky,4706
e,ky,12396
f,ky,1579
g,ky,3119
h,ky,3103
i,ky,10264
j,ky,472
k,ky,1872
l,ky,6608
m,ky,4369
n,ky,9881
o,ky,9682
p,ky,3750
q,ky,226
r,ky,8260
s,ky,9782
t,ky,10266
u,ky,4704
v,ky,1366
w,ky,1474
x,ky,710
y,ky,2163
z,ky,481
a,gu,73967
b,gu,21079
c,gu,39656
d,gu,41946
e,gu,85932
f,gu,18389
g,gu,25256
h,gu,18364
i,gu,65299
j,gu,2507
k,gu,12910
l,gu,41830
m,gu,41840
n,gu,63924
o,gu,64986
p,gu,33617
q,gu,1974
r,gu,53060
s,gu,93794
t,gu,72128
u,gu,29215
v,gu,11300
w,gu,10282
x,gu,8481
y,gu,15981
z,gu,2390
a,mg,12812206
b,mg,645475
c,mg,167297
d,mg,1004689
e,mg,2309422
f,mg,1295619
g,mg,343139
h,mg,1810541
i,mg,5163896
j,mg,203604
k,mg,1270500
l,mg,1266459
m,mg,2491321
n,mg,7480584
o,mg,4194402
p,mg,733445
q,mg,12187
r,mg,3151606
s,mg,1765398
t,mg,3020330
u,mg,162289
v,mg,834418
w,mg,63827
x,mg,15105
y,mg,3659671
z,mg,752464
a,kk,34169
b,kk,5630
c,kk,19634
d,kk,12116
e,kk,37124
f,kk,5824
g,kk,9929
h,kk,7066
i,kk,33942
j,kk,952
k,kk,8484
l,kk,15763
m,kk,20202
n,kk,35706
o,kk,26889
p,kk,10155
q,kk,975
r,kk,21913
s,kk,25079
t,kk,33180
u,kk,11970
v,kk,2701
w,kk,4643
x,kk,3082
y,kk,7229
z,kk,1051
a,mr,6787
b,mr,1443
c,mr,3987
d,mr,2641
e,mr,9827
f,mr,1316
g,mr,1365
h,mr,2123
i,mr,5166
j,mr,164
k,mr,1563
l,mr,3188
m,mr,5399
n,mr,7544
o,mr,6026
p,mr,1953
q,mr,250
r,mr,4105
s,mr,4785
t,mr,6554
u,mr,2060
v,mr,631
w,mr,895
x,mr,450
y,mr,848
z,mr,110
